{
  "meta": {
    "current": 8
  },
  "todos": [
    {
      "id": 0,
      "text": "todo-cli",
      "parent": null,
      "done": false
    },
    {
      "id": 1,
      "text": "first-commit",
      "parent": 0,
      "done": true,
      "done_message": "first commit"
    },
    {
      "id": 2,
      "text": "time - 时间戳",
      "parent": 0,
      "done": false
    },
    {
      "id": 3,
      "text": "submit - 提交",
      "parent": 0,
      "done": false
    },
    {
      "id": 4,
      "text": "rename - 重命名",
      "parent": 0,
      "done": false
    },
    {
      "id": 5,
      "text": "新增todo时，自动增加时间戳",
      "parent": 2,
      "done": true,
      "done_message": "已增加add时的时间戳，并且修改list方法使其在list的时候会打印时间"
    },
    {
      "id": 6,
      "text": "完成todo时，自动增加时间戳",
      "parent": 2,
      "done": true,
      "done_at": "2025-05-11T16:05:53.688790",
      "done_message": "完成时记录时间,并在list -a打印"
    },
    {
      "id": 7,
      "text": "优化tapd导入时，解析时间戳",
      "parent": 2,
      "done": false
    },
    {
      "id": 8,
      "text": "list - 列举",
      "parent": 0,
      "done": false
    },
    {
      "id": 10,
      "text": "List 的时候，如果子对象未完成，但是如果父对象已经完成，为了列出这个未完成的子对象，依旧会将这个已完成的父对象加进Tree。",
      "parent": 8,
      "done": true
    },
    {
      "id": 11,
      "text": "add 的时候，默认索引应该从最小可用值开始，而非当前最大值+1。（0除外，0只能自己定义，且默认为根节点）",
      "parent": 9,
      "done": true,
      "done_message": "已完成需求10和需求11"
    },
    {
      "id": 9,
      "text": "add - 新增条目",
      "parent": 0,
      "done": false
    },
    {
      "id": 12,
      "text": "multilanguage - 多语言支持",
      "parent": 0,
      "done": false
    },
    {
      "id": 13,
      "text": "decoupling - 解耦重做",
      "parent": 0,
      "done": false
    },
    {
      "id": 10000,
      "text": "testHugeNum",
      "parent": 0,
      "done": true
    },
    {
      "id": 14,
      "text": "testAddMinNum",
      "parent": 10000,
      "done": true
    },
    {
      "id": 15,
      "text": "done - 完成任务",
      "parent": 0,
      "done": false
    },
    {
      "id": 16,
      "text": "hide - 隐藏条目",
      "parent": 0,
      "done": false
    },
    {
      "id": 17,
      "text": "list id - 以该id为根节点打印节点树",
      "parent": 8,
      "done": true,
      "done_at": "2025-05-11T16:52:11.515170",
      "done_message": "仅展示该 ID 下的任务及其所有子任务。"
    },
    {
      "id": 18,
      "text": "priority - 优先级(pr)",
      "parent": 0,
      "done": false
    },
    {
      "id": 19,
      "text": "list - 排序：同一个父节点下，应该按照id顺序排列，而非创建的先后顺序。",
      "parent": 8,
      "done": false
    },
    {
      "id": 20,
      "text": "list - icon：完成的需求应该为一个emoji，而不是单个字符",
      "parent": 8,
      "done": true,
      "done_message": "已将其改为emoji，并且为了保证对齐，还增加了一个空格"
    },
    {
      "id": 21,
      "text": "done -m：的时候，需要将节点内容也一起推送，而不是只推送完成任务X ： ",
      "parent": 15,
      "done": true,
      "done_message": "此次推动会将任务内容也一并推送，而非只是推送提交信息"
    },
    {
      "id": 22,
      "text": "list - 优化全半角 : 任何时候，将list中的全角冒号都改成半角的",
      "parent": 8,
      "done": false
    },
    {
      "id": 23,
      "text": "update - 更新",
      "parent": 0,
      "done": false
    },
    {
      "id": 24,
      "text": "拆分data和git子模块",
      "parent": 13,
      "done": true,
      "done_message": "已完成24 --> 拆分add功能"
    },
    {
      "id": 25,
      "text": "拆分add模块，使用data",
      "parent": 13,
      "done": true,
      "done_message": "已完成add的拆分"
    },
    {
      "id": 26,
      "text": "拆分done模块，使用data和git",
      "parent": 13,
      "done": true,
      "done_message": "已完成done的拆分"
    },
    {
      "id": 27,
      "text": "拆分list模块，使用data",
      "parent": 13,
      "done": true,
      "done_message": "已完成list的拆分"
    },
    {
      "id": 28,
      "text": "拆分init模块，使用data和DATA_FILE",
      "parent": 13,
      "done": true,
      "done_message": "已完成init的拆分"
    },
    {
      "id": 29,
      "text": "拆分delete模块，完全基于data",
      "parent": 13,
      "done": true,
      "done_message": "已完成delete的拆分"
    },
    {
      "id": 30,
      "text": "拆分current",
      "parent": 13,
      "done": true,
      "done_message": "已完成current的拆分"
    },
    {
      "id": 31,
      "text": "拆分change",
      "parent": 13,
      "done": true,
      "done_message": "已完成change的拆分"
    },
    {
      "id": 32,
      "text": "拆分import_tapd",
      "parent": 13,
      "done": true,
      "done_message": "已完成import_tapd的拆分"
    },
    {
      "id": 33,
      "text": "新增新入口app,保留main以防回退,修改bat为app启动",
      "parent": 13,
      "done": true,
      "done_message": "新增新入口app并保留main"
    },
    {
      "id": 34,
      "text": "修改list，使其不需要两层调用",
      "parent": 13,
      "done": true,
      "done_message": "完成修改，更改其他方法"
    },
    {
      "id": 35,
      "text": "测试任务",
      "parent": 10000,
      "done": true,
      "done_message": "测试提交"
    },
    {
      "id": 36,
      "text": "test created_at",
      "parent": 10000,
      "done": true,
      "created_at": "2025-05-11T15:58:37.689210",
      "done_at": "2025-05-11T16:03:52.040028"
    },
    {
      "id": 37,
      "text": "新增rename方法，todo rename id string ,可以将id的内容改成string",
      "parent": 4,
      "done": true,
      "created_at": "2025-05-11T16:10:54.510879",
      "done_at": "2025-05-11T16:11:46.426629",
      "done_message": "已初始化rename方法"
    },
    {
      "id": 38,
      "text": "search - 搜索功能",
      "parent": 0,
      "done": false,
      "created_at": "2025-05-11T16:23:52.020101"
    },
    {
      "id": 39,
      "text": "初始化搜索功能,模糊匹配任务内容",
      "parent": 38,
      "done": true,
      "created_at": "2025-05-11T16:26:21.694150",
      "done_at": "2025-05-11T16:26:50.128472",
      "done_message": "模糊匹配任务内容，输出所有包含该关键词的任务，已完成项会显示✅，未完成项显示 📋。"
    },
    {
      "id": 40,
      "text": "time - 新增-t和--time方法，默认不打印时间，增加-t才打印时间",
      "parent": 8,
      "done": true,
      "created_at": "2025-05-11T16:34:05.964284",
      "done_at": "2025-05-11T16:34:45.826525",
      "done_message": "list -a不再默认打印时间，可以-a -t组合使用"
    },
    {
      "id": 41,
      "text": "新增支持按ID精确匹配",
      "parent": 38,
      "done": true,
      "created_at": "2025-05-11T16:40:49.417222",
      "done_at": "2025-05-11T16:41:46.785012",
      "done_message": "现支持精确搜索,仍支持模糊搜索"
    },
    {
      "id": 42,
      "text": "hide test",
      "parent": 10000,
      "done": true,
      "created_at": "2025-05-11T17:18:30.236954",
      "hidden": true,
      "done_at": "2025-05-13T12:46:04.510325"
    },
    {
      "id": 43,
      "text": "hide - 初始化hide功能 hide id 可以隐藏条目",
      "parent": 16,
      "done": true,
      "created_at": "2025-05-11T17:24:06.436353",
      "done_at": "2025-05-11T17:25:01.788381",
      "done_message": "已完成hide"
    },
    {
      "id": 44,
      "text": "unhide - 取消隐藏条目",
      "parent": 16,
      "done": true,
      "created_at": "2025-05-11T17:25:20.749999",
      "done_at": "2025-05-11T17:26:40.141701",
      "done_message": "已增加hide ——unhide，并且list ——a 的时候会标记hide项"
    },
    {
      "id": 45,
      "text": "complete - 补全",
      "parent": 0,
      "done": false,
      "created_at": "2025-05-11T17:35:30.940052"
    },
    {
      "id": 46,
      "text": "redo - 撤销操作",
      "parent": 0,
      "done": false,
      "quadrant": 1,
      "created_at": "2025-05-11T17:48:43.348164"
    },
    {
      "id": 47,
      "text": "list - 增加only-hide only-current only-parentless",
      "parent": 8,
      "done": true,
      "created_at": "2025-05-11T18:03:13.678908",
      "done_at": "2025-05-11T18:03:49.907042",
      "done_message": "完成list筛选"
    },
    {
      "id": 48,
      "text": "stats - 统计",
      "parent": 0,
      "done": false,
      "created_at": "2025-05-11T18:08:29.476771"
    },
    {
      "id": 49,
      "text": "stats - 初始化统计",
      "parent": 48,
      "done": true,
      "created_at": "2025-05-11T18:11:09.113296",
      "done_at": "2025-05-11T18:12:03.821584",
      "done_message": "已完成初始化统计"
    },
    {
      "id": 50,
      "text": "priority - 初始化优先级",
      "parent": 18,
      "done": true,
      "created_at": "2025-05-11T18:14:29.100850",
      "done_at": "2025-05-11T18:41:29.582999",
      "done_message": "已完成add时使用-q设置优先级，并且list会根据优先级渲染不同颜色"
    },
    {
      "id": 51,
      "text": "quadrant - add时允许设置优先级，默认为2级",
      "parent": 9,
      "done": true,
      "created_at": "2025-05-11T18:28:29.027395",
      "done_at": "2025-05-11T18:40:35.588492"
    },
    {
      "id": 52,
      "text": "quadrant_test",
      "parent": 10000,
      "done": true,
      "created_at": "2025-05-11T18:29:25.943356",
      "quadrant": 2,
      "hidden": false,
      "done_at": "2025-05-11T18:56:53.501852"
    },
    {
      "id": 53,
      "text": "quadrant_1_test",
      "parent": 10000,
      "done": true,
      "created_at": "2025-05-11T18:38:14.889525",
      "quadrant": 1,
      "hidden": false,
      "done_at": "2025-05-11T18:39:15.901233"
    },
    {
      "id": 54,
      "text": "quadrant_3_test",
      "parent": 10000,
      "done": true,
      "created_at": "2025-05-11T18:38:33.550287",
      "quadrant": 3,
      "hidden": false,
      "done_at": "2025-05-11T18:39:18.631212"
    },
    {
      "id": 55,
      "text": "quadrant_4_test",
      "parent": 10000,
      "done": true,
      "created_at": "2025-05-11T18:38:40.375263",
      "quadrant": 4,
      "hidden": false,
      "done_at": "2025-05-11T18:39:22.520245"
    },
    {
      "id": 56,
      "text": "quadrant - 统计增加优先级任务分布",
      "parent": 48,
      "done": true,
      "created_at": "2025-05-11T18:45:10.824899",
      "quadrant": 2,
      "hidden": false,
      "done_at": "2025-05-11T18:46:22.468809",
      "done_message": "已初始化统计优先级任务分布"
    },
    {
      "id": 57,
      "text": "list - 默认不渲染优先级颜色,-q时显示",
      "parent": 8,
      "done": true,
      "created_at": "2025-05-11T18:54:10.575388",
      "quadrant": 2,
      "hidden": false,
      "done_at": "2025-05-11T18:56:24.928258",
      "done_message": "list默认和之前一样,但是-q ——color 和 ——quadrant的时候会渲染完成状态和优先级颜色"
    },
    {
      "id": 58,
      "text": "move - 移动",
      "parent": 0,
      "done": false,
      "created_at": "2025-05-11T18:59:48.473372",
      "quadrant": 2,
      "hidden": false
    },
    {
      "id": 59,
      "text": "move - 初始化移动，变更某个节点的父节点",
      "parent": 58,
      "done": true,
      "created_at": "2025-05-11T19:00:38.189378",
      "quadrant": 2,
      "hidden": false,
      "done_at": "2025-05-11T19:03:04.247123",
      "done_message": "已完成初始化移动 todo move selfId parentId"
    },
    {
      "id": 60,
      "text": "user - 用户",
      "parent": 0,
      "done": false,
      "created_at": "2025-05-12T09:47:39.013416",
      "quadrant": 2,
      "hidden": false
    },
    {
      "id": 61,
      "text": "default_user - 初始化时创建默认用户",
      "parent": 60,
      "done": false,
      "created_at": "2025-05-12T09:49:40.940068",
      "quadrant": 3,
      "hidden": false
    },
    {
      "id": 62,
      "text": "only-current 的时候应该打印current项的父节点及所有子节点",
      "parent": 8,
      "done": true,
      "created_at": "2025-05-12T09:59:06.044418",
      "quadrant": 3,
      "hidden": false,
      "done_at": "2025-05-12T10:25:02.666156",
      "done_message": "已完成并新增需求63"
    },
    {
      "id": 63,
      "text": "list - layer：新增只打印N层节点，该项可以被用户开启默认。",
      "parent": 8,
      "done": false,
      "created_at": "2025-05-12T10:24:01.438852",
      "quadrant": 2,
      "hidden": false
    },
    {
      "id": 64,
      "text": "done - 允许用户配置空done时提交推送",
      "parent": 15,
      "done": false,
      "created_at": "2025-05-12T10:27:50.454096",
      "quadrant": 2,
      "hidden": false
    },
    {
      "id": 65,
      "text": "done - 允许用户配置-m时不提交推送",
      "parent": 15,
      "done": false,
      "created_at": "2025-05-12T10:28:01.908694",
      "quadrant": 2,
      "hidden": false
    },
    {
      "id": 66,
      "text": "tag - 允许用户在创建时为条目设置tag",
      "parent": 9,
      "done": false,
      "created_at": "2025-05-12T10:29:43.039099",
      "quadrant": 2,
      "hidden": false
    },
    {
      "id": 67,
      "text": "init - 初始化的时候，寻找当前目录下是否有名为todos.json的文件，如有，验证文件格式是否正确。",
      "parent": 70,
      "done": false,
      "created_at": "2025-05-12T11:00:49.573964",
      "quadrant": 2,
      "hidden": false
    },
    {
      "id": 69,
      "text": "core - 新增文件验证（我要验证什么来着？？）",
      "parent": 68,
      "done": false,
      "created_at": "2025-05-12T11:02:25.511861",
      "quadrant": 2,
      "hidden": false
    },
    {
      "id": 68,
      "text": "core - 核心代码",
      "parent": 0,
      "done": false,
      "created_at": "2025-05-12T11:03:57.670313",
      "quadrant": 2,
      "hidden": false
    },
    {
      "id": 70,
      "text": "init - 初始化",
      "parent": 0,
      "done": false,
      "created_at": "2025-05-12T11:04:23.195406",
      "quadrant": 2,
      "hidden": false
    },
    {
      "id": 71,
      "text": "change - 修改id时，如果后id已存在，则询问用户是否交换两个两个id而非报denty",
      "parent": 73,
      "done": false,
      "created_at": "2025-05-12T11:05:53.929770",
      "quadrant": 2,
      "hidden": false
    },
    {
      "id": 72,
      "text": "move - 修改不能将节点移动至0节点的问题",
      "parent": 58,
      "done": false,
      "created_at": "2025-05-12T11:07:30.299745",
      "quadrant": 1,
      "hidden": false
    },
    {
      "id": 73,
      "text": "change - 改变",
      "parent": 0,
      "done": false,
      "created_at": "2025-05-12T11:08:22.960902",
      "quadrant": 2,
      "hidden": false
    },
    {
      "id": 74,
      "text": "type - 节点类型",
      "parent": 0,
      "done": false,
      "created_at": "2025-05-12T11:11:49.897427",
      "quadrant": 2,
      "hidden": false
    },
    {
      "id": 75,
      "text": "根节点-🌳",
      "parent": 74,
      "done": false,
      "created_at": "2025-05-12T11:12:08.543583",
      "quadrant": 2,
      "hidden": false
    },
    {
      "id": 76,
      "text": "模块节点-📦",
      "parent": 74,
      "done": false,
      "created_at": "2025-05-12T11:12:14.021213",
      "quadrant": 2,
      "hidden": false
    },
    {
      "id": 77,
      "text": "任务集节点-🗂️",
      "parent": 74,
      "done": false,
      "created_at": "2025-05-12T11:12:20.683493",
      "quadrant": 2,
      "hidden": false
    },
    {
      "id": 78,
      "text": "任务节点",
      "parent": 74,
      "done": false,
      "created_at": "2025-05-12T11:12:31.886005",
      "quadrant": 2,
      "hidden": false
    },
    {
      "id": 79,
      "text": "change - 在change命令里面添加更多快捷修改，比如优先级",
      "parent": 73,
      "done": false,
      "created_at": "2025-05-12T11:43:47.334812",
      "quadrant": 2,
      "hidden": false
    },
    {
      "id": 80,
      "text": "done - 允许批量完成任务",
      "parent": 15,
      "done": true,
      "created_at": "2025-05-12T11:45:43.760400",
      "quadrant": 2,
      "hidden": false,
      "done_at": "2025-05-12T18:02:41",
      "done_message": "补充完成"
    },
    {
      "id": 81,
      "text": "done - 允许完成一个任务集的所有子任务",
      "parent": 15,
      "done": false,
      "created_at": "2025-05-12T11:46:02.193827",
      "quadrant": 2,
      "hidden": false
    },
    {
      "id": 82,
      "text": "hide - 兼容老项目中，在初始化没有创建hide字段的条目，执行hide的时候新建hide字段",
      "parent": 16,
      "done": true,
      "created_at": "2025-05-12T11:48:51.821067",
      "quadrant": 1,
      "hidden": false,
      "done_at": "2025-05-12T11:49:48.717965",
      "done_message": "已完成并新增数个需求"
    },
    {
      "id": 83,
      "text": "hide - 允许批量hide",
      "parent": 16,
      "done": true,
      "created_at": "2025-05-12T11:49:38.164088",
      "quadrant": 3,
      "hidden": false,
      "done_at": "2025-05-12T11:54:40.918214",
      "done_message": "现已允许批量hide"
    },
    {
      "id": 84,
      "text": "test_done1",
      "parent": 10000,
      "done": true,
      "created_at": "2025-05-12T17:58:34.124188",
      "quadrant": 2,
      "hidden": false,
      "done_at": "2025-05-12T17:59:03",
      "done_message": "批量done测试"
    },
    {
      "id": 85,
      "text": "test_done2",
      "parent": 10000,
      "done": true,
      "created_at": "2025-05-12T17:58:38.056677",
      "quadrant": 2,
      "hidden": false,
      "done_at": "2025-05-12T17:59:03",
      "done_message": "批量done测试"
    },
    {
      "id": 86,
      "text": "done - 允许批量done",
      "parent": 15,
      "done": true,
      "created_at": "2025-05-12T18:00:01.994636",
      "quadrant": 2,
      "hidden": false,
      "done_at": "2025-05-12T18:00:20",
      "done_message": "完成批量done"
    },
    {
      "id": 87,
      "text": "done - 批量提交的时候会提交所有的标题，并合并成一次提交",
      "parent": 15,
      "done": true,
      "created_at": "2025-05-12T18:16:33.420422",
      "quadrant": 2,
      "hidden": false,
      "done_at": "2025-05-12T18:16:57.440313",
      "done_message": "已合并"
    },
    {
      "id": 88,
      "text": "list - only-current 的时候，默认隐藏已完成节点和隐藏节点 -a查看",
      "parent": 62,
      "done": true,
      "created_at": "2025-05-12T18:20:52.680057",
      "quadrant": 2,
      "hidden": false,
      "done_at": "2025-05-12T18:22:50.916303",
      "done_message": "已完成"
    },
    {
      "id": 89,
      "text": "help - 完善help页面",
      "parent": 0,
      "done": false,
      "created_at": "2025-05-13T12:33:22.418052",
      "quadrant": 2,
      "hidden": false
    },
    {
      "id": 90,
      "text": "version - 版本显示以及更新内容",
      "parent": 0,
      "done": false,
      "created_at": "2025-05-13T12:34:41.566189",
      "quadrant": 2,
      "hidden": false
    },
    {
      "id": 91,
      "text": "upload - 上传pypi",
      "parent": 0,
      "done": false,
      "created_at": "2025-05-13T12:36:59.825494",
      "quadrant": 2,
      "hidden": false
    },
    {
      "id": 92,
      "text": "config - 配置",
      "parent": 0,
      "done": false,
      "created_at": "2025-05-13T12:38:45.041379",
      "quadrant": 2,
      "hidden": false
    },
    {
      "id": 93,
      "text": "layout - 层级",
      "parent": 0,
      "done": false,
      "created_at": "2025-05-13T12:39:34.348428",
      "quadrant": 2,
      "hidden": false
    },
    {
      "id": 94,
      "text": "layer - 层级更高的优先列举，同一层级的按照id顺序",
      "parent": 93,
      "done": false,
      "created_at": "2025-05-13T12:44:40.018735",
      "quadrant": 2,
      "hidden": false
    },
    {
      "id": 95,
      "text": "已创建pypi账户",
      "parent": 91,
      "done": true,
      "created_at": "2025-05-13T13:29:40.733175",
      "quadrant": 2,
      "hidden": false,
      "done_at": "2025-05-13T13:29:53.051610",
      "done_message": "完成创建"
    },
    {
      "id": 96,
      "text": "done - id为空时，也可以提交，如有-m则将提交信息传给commit即可，无id也无m暂时不可提交",
      "parent": 15,
      "done": false,
      "created_at": "2025-05-13T13:49:39.933495",
      "quadrant": 2,
      "hidden": false
    },
    {
      "id": 97,
      "text": "done - 提交信息应该是先提交原任务条目后用破折号紧跟提交信息",
      "parent": 15,
      "done": true,
      "created_at": "2025-05-14T14:29:18.852410",
      "quadrant": 2,
      "hidden": false,
      "done_at": "2025-05-14T14:31:25.978161",
      "done_message": "修改并测试"
    },
    {
      "id": 98,
      "text": "table - 统计以表格的形式打印出来",
      "parent": 48,
      "done": true,
      "created_at": "2025-05-14T16:58:52.360088",
      "quadrant": 2,
      "hidden": false,
      "done_message": "现在默认以为表格的形式打印 -> 未来可考虑更多指令和形式"
    },
    {
      "id": 99,
      "text": "done - 修复done之后才修改todos.json的问题",
      "parent": 15,
      "done": true,
      "created_at": "2025-05-14T17:04:01.123550",
      "quadrant": 2,
      "hidden": false,
      "done_message": "提交测试"
    },
    {
      "id": 100,
      "text": "done - 修复只提交json不提交代码的问题",
      "parent": 15,
      "done": true,
      "created_at": "2025-05-14T17:08:18.547929",
      "quadrant": 2,
      "hidden": false,
      "done_message": "提交测试"
    },
    {
      "id": 101,
      "text": "done - 修复批量完成失败的问题",
      "parent": 15,
      "done": false,
      "created_at": "2025-05-15T14:47:10.986066",
      "quadrant": 15,
      "hidden": false
    },
    {
      "id": 102,
      "text": "done - doneMessage现在不会自动加到json中（但是已有的还是会照常打印到-a）",
      "parent": 15,
      "done": false,
      "created_at": "2025-05-20T16:56:14.688061",
      "quadrant": 2,
      "hidden": false
    },
    {
      "id": 103,
      "text": "list - -q时象限为2的任务太没有辨识度，将已完成的打印为绿色，未完成的打印为蓝色 ",
      "parent": 8,
      "done": false,
      "created_at": "2025-05-20T16:58:05.969679",
      "quadrant": 2,
      "hidden": false
    },
    {
      "id": 104,
      "text": "add - hide 默认不创建hidden字段，除非手动hide了才会创建hidden字段并将其设为true",
      "parent": 9,
      "done": false,
      "created_at": "2025-05-20T17:01:22.430341",
      "quadrant": 2,
      "hidden": false
    },
    {
      "id": 105,
      "text": "更新ignore 避免上传了打包后相关的东西（setup 可保留） ",
      "parent": 91,
      "done": true,
      "created_at": "2025-05-25T16:15:34.167181",
      "quadrant": 2,
      "hidden": false
    },
    {
      "id": 106,
      "text": "移除之前的todo.bat 因为现在已经可以直接pip install 了",
      "parent": 91,
      "done": false,
      "created_at": "2025-05-26T17:01:02.433715",
      "quadrant": 2,
      "hidden": false
    }
  ]
}